clip_id,source,source_ref,speaker_id,transcript_raw,keyword,start_sec,end_sec,duration_sec,language_confidence,audio_quality_score,auto_pass,notes
cv_0c3ac7eba60cdc047dc1b008ce719de35e3a6d821da96cef6fb2f44d678fe2b51f20fd07d78a63a93c11fb5c9d0ea716dddc8edf02c5c08ed8a736078bac811e_3_feri,commonvoice,cv-0c3ac7eba60cdc047dc1b008ce719de35e3a6d821da96cef6fb2f44d678fe2b51f20fd07d78a63a93c11fb5c9d0ea716dddc8edf02c5c08ed8a736078bac811e,cv_0c3ac7eba60cdc047dc1b008ce719de35e3a6d821da96cef6fb2f44d678fe2b51f20fd07d78a63a93c11fb5c9d0ea716dddc8edf02c5c08ed8a736078bac811e,फेरि चित्त दुख्यो ।,feri,,,1.0,0.95,0.0,false,from_commonvoice_file=common_voice_ne-NP_37910678.mp3
cv_1a6891ea7b1eac61c738f9d60ae1b4ac7b3a18faed6857abbcf1562c1e27c85e9412849bf9d45b3144de415437db9fa3299b3d3a02b572d0712cf387fb8bc1e3_19_hoina,commonvoice,cv-1a6891ea7b1eac61c738f9d60ae1b4ac7b3a18faed6857abbcf1562c1e27c85e9412849bf9d45b3144de415437db9fa3299b3d3a02b572d0712cf387fb8bc1e3,cv_1a6891ea7b1eac61c738f9d60ae1b4ac7b3a18faed6857abbcf1562c1e27c85e9412849bf9d45b3144de415437db9fa3299b3d3a02b572d0712cf387fb8bc1e3,"नदीनालाको देश होइन, नदी नाली को देश हुनु पर्ने!",hoina,,,1.0,0.95,0.0,false,from_commonvoice_file=common_voice_ne-NP_39659664.mp3
cv_1a6891ea7b1eac61c738f9d60ae1b4ac7b3a18faed6857abbcf1562c1e27c85e9412849bf9d45b3144de415437db9fa3299b3d3a02b572d0712cf387fb8bc1e3_20_huncha,commonvoice,cv-1a6891ea7b1eac61c738f9d60ae1b4ac7b3a18faed6857abbcf1562c1e27c85e9412849bf9d45b3144de415437db9fa3299b3d3a02b572d0712cf387fb8bc1e3,cv_1a6891ea7b1eac61c738f9d60ae1b4ac7b3a18faed6857abbcf1562c1e27c85e9412849bf9d45b3144de415437db9fa3299b3d3a02b572d0712cf387fb8bc1e3,"काँक्रो गाँजर मूलाको, सलाद हुन्छ मीठो ।",huncha,,,1.0,0.95,0.0,false,from_commonvoice_file=common_voice_ne-NP_39659665.mp3
cv_6d89418c77891031ba5cb385a2f714d5e64992b4db39f05ad28c3c27a94121c9e2b932ce7a5f99984e097f9796eb41a325da703b4a043e906f576a977479de63_25_huncha,commonvoice,cv-6d89418c77891031ba5cb385a2f714d5e64992b4db39f05ad28c3c27a94121c9e2b932ce7a5f99984e097f9796eb41a325da703b4a043e906f576a977479de63,cv_6d89418c77891031ba5cb385a2f714d5e64992b4db39f05ad28c3c27a94121c9e2b932ce7a5f99984e097f9796eb41a325da703b4a043e906f576a977479de63,अहिले भैराखेको खेलमा कसलाई समर्थन गर्दै हुनुहुन्छ?,huncha,,,1.0,0.95,0.0,false,from_commonvoice_file=common_voice_ne-NP_37910675.mp3
cv_7f1519dfbe7192d459c65d43bc85e414c5a7cfb7abd954ac2a76695d35e0c5082ca561793dc97bab4be89e2ef951942bca9bc61b3e031cd25ead30a9d8e094a3_59_huncha,commonvoice,cv-7f1519dfbe7192d459c65d43bc85e414c5a7cfb7abd954ac2a76695d35e0c5082ca561793dc97bab4be89e2ef951942bca9bc61b3e031cd25ead30a9d8e094a3,cv_7f1519dfbe7192d459c65d43bc85e414c5a7cfb7abd954ac2a76695d35e0c5082ca561793dc97bab4be89e2ef951942bca9bc61b3e031cd25ead30a9d8e094a3,के तपाई बिहीबार खेल खेल्न चाहनुहुन्छ?,huncha,,,1.0,0.95,0.0,false,from_commonvoice_file=common_voice_ne-NP_39331374.mp3
cv_e7c8e73684f3c00507fac28a7b521189bb5b5ce7c4c2583af5cc3398b4b61ae9da0c6979c3fee6c9d7dcd4c6f2b9e510aec660af780f2195163df8e66b4bd4ad_63_huncha,commonvoice,cv-e7c8e73684f3c00507fac28a7b521189bb5b5ce7c4c2583af5cc3398b4b61ae9da0c6979c3fee6c9d7dcd4c6f2b9e510aec660af780f2195163df8e66b4bd4ad,cv_e7c8e73684f3c00507fac28a7b521189bb5b5ce7c4c2583af5cc3398b4b61ae9da0c6979c3fee6c9d7dcd4c6f2b9e510aec660af780f2195163df8e66b4bd4ad,हुन्छ यो त एकदमै राम्रो काम हो ।,huncha,,,1.0,0.95,0.0,false,from_commonvoice_file=common_voice_ne-NP_39845478.mp3
cv_10c4d3d74218051da527d8561d99c0c87c8bf7946496ea37849325f0fc63f4204437123aadd9ac166e10460ac9dabe79e2192f7bda903258fb40b5014009189f_70_huncha,commonvoice,cv-10c4d3d74218051da527d8561d99c0c87c8bf7946496ea37849325f0fc63f4204437123aadd9ac166e10460ac9dabe79e2192f7bda903258fb40b5014009189f,cv_10c4d3d74218051da527d8561d99c0c87c8bf7946496ea37849325f0fc63f4204437123aadd9ac166e10460ac9dabe79e2192f7bda903258fb40b5014009189f,नेपाल मा जाम पनि कति हुन्छ कति ।,huncha,,,1.0,0.95,0.0,false,from_commonvoice_file=common_voice_ne-NP_36493831.mp3
cv_8a0ba86fc473a61bfb0e130d008cdb7a40420022b2b1d3ac84d9c0413313bf8dc65fdaa8581297bee231cb32127a005d11ad563878960ca3104c09c50d3e3cb4_84_huncha,commonvoice,cv-8a0ba86fc473a61bfb0e130d008cdb7a40420022b2b1d3ac84d9c0413313bf8dc65fdaa8581297bee231cb32127a005d11ad563878960ca3104c09c50d3e3cb4,cv_8a0ba86fc473a61bfb0e130d008cdb7a40420022b2b1d3ac84d9c0413313bf8dc65fdaa8581297bee231cb32127a005d11ad563878960ca3104c09c50d3e3cb4,रमाइलो नै हुन्छ जे होस् ।,huncha,,,1.0,0.95,0.0,false,from_commonvoice_file=common_voice_ne-NP_41647950.mp3
cv_8a0ba86fc473a61bfb0e130d008cdb7a40420022b2b1d3ac84d9c0413313bf8dc65fdaa8581297bee231cb32127a005d11ad563878960ca3104c09c50d3e3cb4_88_suru,commonvoice,cv-8a0ba86fc473a61bfb0e130d008cdb7a40420022b2b1d3ac84d9c0413313bf8dc65fdaa8581297bee231cb32127a005d11ad563878960ca3104c09c50d3e3cb4,cv_8a0ba86fc473a61bfb0e130d008cdb7a40420022b2b1d3ac84d9c0413313bf8dc65fdaa8581297bee231cb32127a005d11ad563878960ca3104c09c50d3e3cb4,मैले मेरो दिन यस वाक्यबाट सुरु गरे है त!,suru,,,1.0,0.95,0.0,false,from_commonvoice_file=common_voice_ne-NP_41647963.mp3
cv_b1931408435c3cfc971b0c4ba0885738738f063c3e3b102f4e5a7f5829d4fde28485f3d1d46a45456f9cd2cb2ac508d88bec7b32500e4224783e0781deaf3009_97_huncha,commonvoice,cv-b1931408435c3cfc971b0c4ba0885738738f063c3e3b102f4e5a7f5829d4fde28485f3d1d46a45456f9cd2cb2ac508d88bec7b32500e4224783e0781deaf3009,cv_b1931408435c3cfc971b0c4ba0885738738f063c3e3b102f4e5a7f5829d4fde28485f3d1d46a45456f9cd2cb2ac508d88bec7b32500e4224783e0781deaf3009,सदस्य हरु धेरै भयो भने सजिलो हुन्छ होला ।,huncha,,,1.0,0.95,0.0,false,from_commonvoice_file=common_voice_ne-NP_32945789.mp3
cv_b15418de54a3568661ae1037c2a122a9fecee93ea4888cbb0ee66a44dda9ae199dba1a5d848a7d68c258f181b7b17e05610f8650543d4f48bdcbd2db43fe0e47_114_huncha,commonvoice,cv-b15418de54a3568661ae1037c2a122a9fecee93ea4888cbb0ee66a44dda9ae199dba1a5d848a7d68c258f181b7b17e05610f8650543d4f48bdcbd2db43fe0e47,cv_b15418de54a3568661ae1037c2a122a9fecee93ea4888cbb0ee66a44dda9ae199dba1a5d848a7d68c258f181b7b17e05610f8650543d4f48bdcbd2db43fe0e47,शिक्षक तथा विद्यार्थी दुबैको हाजिरी हुन्छ आजकल ।,huncha,,,1.0,0.95,0.0,false,from_commonvoice_file=common_voice_ne-NP_33636559.mp3
cv_081f8c4f215ee098759db0e19da2a2a0c376b0a4ba7bf0c857d9fd8484499fa4f1972103d42c95da4fcd2b0ba5cf06a435b805e1db606369275cba07c53afd6e_140_huncha,commonvoice,cv-081f8c4f215ee098759db0e19da2a2a0c376b0a4ba7bf0c857d9fd8484499fa4f1972103d42c95da4fcd2b0ba5cf06a435b805e1db606369275cba07c53afd6e,cv_081f8c4f215ee098759db0e19da2a2a0c376b0a4ba7bf0c857d9fd8484499fa4f1972103d42c95da4fcd2b0ba5cf06a435b805e1db606369275cba07c53afd6e,तपाईंलाई मन परेको फिल्म अरुलाई मन नपर्ने सम्भावना हुन्छ ।,huncha,,,1.0,0.95,0.0,false,from_commonvoice_file=common_voice_ne-NP_37561294.mp3
cv_081f8c4f215ee098759db0e19da2a2a0c376b0a4ba7bf0c857d9fd8484499fa4f1972103d42c95da4fcd2b0ba5cf06a435b805e1db606369275cba07c53afd6e_144_huncha,commonvoice,cv-081f8c4f215ee098759db0e19da2a2a0c376b0a4ba7bf0c857d9fd8484499fa4f1972103d42c95da4fcd2b0ba5cf06a435b805e1db606369275cba07c53afd6e,cv_081f8c4f215ee098759db0e19da2a2a0c376b0a4ba7bf0c857d9fd8484499fa4f1972103d42c95da4fcd2b0ba5cf06a435b805e1db606369275cba07c53afd6e,पेनाल्टी भएन भने आज नि म्याच थ्यो र भन्ने हुन्छ अहिले त।,huncha,,,1.0,0.95,0.0,false,from_commonvoice_file=common_voice_ne-NP_37561318.mp3
cv_8e8b8500560c2e7f9330b2cbea3b46da2d2304c1473d1a36a1588aedafad0f4fbc4505c771cc8e7cb08a108bba74cfa80f91fa648cab418859a2d45b20df55ad_156_thik_chha,commonvoice,cv-8e8b8500560c2e7f9330b2cbea3b46da2d2304c1473d1a36a1588aedafad0f4fbc4505c771cc8e7cb08a108bba74cfa80f91fa648cab418859a2d45b20df55ad,cv_8e8b8500560c2e7f9330b2cbea3b46da2d2304c1473d1a36a1588aedafad0f4fbc4505c771cc8e7cb08a108bba74cfa80f91fa648cab418859a2d45b20df55ad,सब ठिक छ दाइ।,thik_chha,,,1.0,0.95,0.0,false,from_commonvoice_file=common_voice_ne-NP_37001451.mp3
cv_8e8b8500560c2e7f9330b2cbea3b46da2d2304c1473d1a36a1588aedafad0f4fbc4505c771cc8e7cb08a108bba74cfa80f91fa648cab418859a2d45b20df55ad_170_suru,commonvoice,cv-8e8b8500560c2e7f9330b2cbea3b46da2d2304c1473d1a36a1588aedafad0f4fbc4505c771cc8e7cb08a108bba74cfa80f91fa648cab418859a2d45b20df55ad,cv_8e8b8500560c2e7f9330b2cbea3b46da2d2304c1473d1a36a1588aedafad0f4fbc4505c771cc8e7cb08a108bba74cfa80f91fa648cab418859a2d45b20df55ad,मेरो त परीक्षा सुरु हुन लाग्यो ।,suru,,,1.0,0.95,0.0,false,from_commonvoice_file=common_voice_ne-NP_37001470.mp3
cv_e323d5b521091a385da7aac29aba7bba4c60e3ec8102bece10b51a24195e292f0761f2030da75e6e1d5868d4cd2f95427adf90ce37ef3ff6f6d70635a0e3c42f_181_huncha,commonvoice,cv-e323d5b521091a385da7aac29aba7bba4c60e3ec8102bece10b51a24195e292f0761f2030da75e6e1d5868d4cd2f95427adf90ce37ef3ff6f6d70635a0e3c42f,cv_e323d5b521091a385da7aac29aba7bba4c60e3ec8102bece10b51a24195e292f0761f2030da75e6e1d5868d4cd2f95427adf90ce37ef3ff6f6d70635a0e3c42f,आजका दुई रोमाञ्चक खेलमध्धे तपाईं कुन चाहीँ हेर्दै हुनुहुन्छ?,huncha,,,1.0,0.95,0.0,false,from_commonvoice_file=common_voice_ne-NP_38298774.mp3
cv_e323d5b521091a385da7aac29aba7bba4c60e3ec8102bece10b51a24195e292f0761f2030da75e6e1d5868d4cd2f95427adf90ce37ef3ff6f6d70635a0e3c42f_200_huncha,commonvoice,cv-e323d5b521091a385da7aac29aba7bba4c60e3ec8102bece10b51a24195e292f0761f2030da75e6e1d5868d4cd2f95427adf90ce37ef3ff6f6d70635a0e3c42f,cv_e323d5b521091a385da7aac29aba7bba4c60e3ec8102bece10b51a24195e292f0761f2030da75e6e1d5868d4cd2f95427adf90ce37ef3ff6f6d70635a0e3c42f,कुन फिलिम हेर्दै हुनुहुन्छ रोशन दाइ?,huncha,,,1.0,0.95,0.0,false,from_commonvoice_file=common_voice_ne-NP_38392811.mp3
cv_eef9c384331ef17a1eaa55c237efb21fc64df92aab34ebeab1c899aab73a157b3b60537214229beefbe43165ca00fcff0baf2c97133346477d14717b2198a130_203_huncha,commonvoice,cv-eef9c384331ef17a1eaa55c237efb21fc64df92aab34ebeab1c899aab73a157b3b60537214229beefbe43165ca00fcff0baf2c97133346477d14717b2198a130,cv_eef9c384331ef17a1eaa55c237efb21fc64df92aab34ebeab1c899aab73a157b3b60537214229beefbe43165ca00fcff0baf2c97133346477d14717b2198a130,मलाई नेपाल भनेपछि हुरुक्क हुन्छ ।,huncha,,,1.0,0.95,0.0,false,from_commonvoice_file=common_voice_ne-NP_33453803.mp3
cv_eef9c384331ef17a1eaa55c237efb21fc64df92aab34ebeab1c899aab73a157b3b60537214229beefbe43165ca00fcff0baf2c97133346477d14717b2198a130_204_huncha,commonvoice,cv-eef9c384331ef17a1eaa55c237efb21fc64df92aab34ebeab1c899aab73a157b3b60537214229beefbe43165ca00fcff0baf2c97133346477d14717b2198a130,cv_eef9c384331ef17a1eaa55c237efb21fc64df92aab34ebeab1c899aab73a157b3b60537214229beefbe43165ca00fcff0baf2c97133346477d14717b2198a130,मौसम विभागमा कति पहिलेसम्मको तथ्यांक हुन्छ?,huncha,,,1.0,0.95,0.0,false,from_commonvoice_file=common_voice_ne-NP_33453804.mp3
cv_eef9c384331ef17a1eaa55c237efb21fc64df92aab34ebeab1c899aab73a157b3b60537214229beefbe43165ca00fcff0baf2c97133346477d14717b2198a130_209_huncha,commonvoice,cv-eef9c384331ef17a1eaa55c237efb21fc64df92aab34ebeab1c899aab73a157b3b60537214229beefbe43165ca00fcff0baf2c97133346477d14717b2198a130,cv_eef9c384331ef17a1eaa55c237efb21fc64df92aab34ebeab1c899aab73a157b3b60537214229beefbe43165ca00fcff0baf2c97133346477d14717b2198a130,बर्खायाम मा धेरै हिलो हुन्छ ।,huncha,,,1.0,0.95,0.0,false,from_commonvoice_file=common_voice_ne-NP_33453819.mp3
cv_eef9c384331ef17a1eaa55c237efb21fc64df92aab34ebeab1c899aab73a157b3b60537214229beefbe43165ca00fcff0baf2c97133346477d14717b2198a130_213_suru,commonvoice,cv-eef9c384331ef17a1eaa55c237efb21fc64df92aab34ebeab1c899aab73a157b3b60537214229beefbe43165ca00fcff0baf2c97133346477d14717b2198a130,cv_eef9c384331ef17a1eaa55c237efb21fc64df92aab34ebeab1c899aab73a157b3b60537214229beefbe43165ca00fcff0baf2c97133346477d14717b2198a130,संसारकै लामो दाबी गरिएको ‘सोलुखुम्बु ट्रेल रेस’ सुरु।,suru,,,1.0,0.95,0.0,false,from_commonvoice_file=common_voice_ne-NP_33453833.mp3
cv_eef9c384331ef17a1eaa55c237efb21fc64df92aab34ebeab1c899aab73a157b3b60537214229beefbe43165ca00fcff0baf2c97133346477d14717b2198a130_214_huncha,commonvoice,cv-eef9c384331ef17a1eaa55c237efb21fc64df92aab34ebeab1c899aab73a157b3b60537214229beefbe43165ca00fcff0baf2c97133346477d14717b2198a130,cv_eef9c384331ef17a1eaa55c237efb21fc64df92aab34ebeab1c899aab73a157b3b60537214229beefbe43165ca00fcff0baf2c97133346477d14717b2198a130,हुन्छ यो त एकदमै राम्रो काम हो ।,huncha,,,1.0,0.95,0.0,false,from_commonvoice_file=common_voice_ne-NP_33453834.mp3
cv_6e7ce3b65dc92233a6d079bf4a72bba6d1a2265fd480f37f04f8967c094bce73df4eb58c0bfe52bc2fc7d241841c1a50eee6f737d967dcc026538694d25cddd2_233_hoina,commonvoice,cv-6e7ce3b65dc92233a6d079bf4a72bba6d1a2265fd480f37f04f8967c094bce73df4eb58c0bfe52bc2fc7d241841c1a50eee6f737d967dcc026538694d25cddd2,cv_6e7ce3b65dc92233a6d079bf4a72bba6d1a2265fd480f37f04f8967c094bce73df4eb58c0bfe52bc2fc7d241841c1a50eee6f737d967dcc026538694d25cddd2,होइन भनी फुइँ छोडेको त होइन?,hoina,,,1.0,0.95,0.0,false,from_commonvoice_file=common_voice_ne-NP_40820407.mp3
cv_6e7ce3b65dc92233a6d079bf4a72bba6d1a2265fd480f37f04f8967c094bce73df4eb58c0bfe52bc2fc7d241841c1a50eee6f737d967dcc026538694d25cddd2_238_huncha,commonvoice,cv-6e7ce3b65dc92233a6d079bf4a72bba6d1a2265fd480f37f04f8967c094bce73df4eb58c0bfe52bc2fc7d241841c1a50eee6f737d967dcc026538694d25cddd2,cv_6e7ce3b65dc92233a6d079bf4a72bba6d1a2265fd480f37f04f8967c094bce73df4eb58c0bfe52bc2fc7d241841c1a50eee6f737d967dcc026538694d25cddd2,हरियो सागपात खानु राम्रो हुन्छ ।,huncha,,,1.0,0.95,0.0,false,from_commonvoice_file=common_voice_ne-NP_40820415.mp3
cv_6e7ce3b65dc92233a6d079bf4a72bba6d1a2265fd480f37f04f8967c094bce73df4eb58c0bfe52bc2fc7d241841c1a50eee6f737d967dcc026538694d25cddd2_241_thik_chha,commonvoice,cv-6e7ce3b65dc92233a6d079bf4a72bba6d1a2265fd480f37f04f8967c094bce73df4eb58c0bfe52bc2fc7d241841c1a50eee6f737d967dcc026538694d25cddd2,cv_6e7ce3b65dc92233a6d079bf4a72bba6d1a2265fd480f37f04f8967c094bce73df4eb58c0bfe52bc2fc7d241841c1a50eee6f737d967dcc026538694d25cddd2,ल ठिक छ ।,thik_chha,,,1.0,0.95,0.0,false,from_commonvoice_file=common_voice_ne-NP_40820423.mp3
cv_6e7ce3b65dc92233a6d079bf4a72bba6d1a2265fd480f37f04f8967c094bce73df4eb58c0bfe52bc2fc7d241841c1a50eee6f737d967dcc026538694d25cddd2_245_huncha,commonvoice,cv-6e7ce3b65dc92233a6d079bf4a72bba6d1a2265fd480f37f04f8967c094bce73df4eb58c0bfe52bc2fc7d241841c1a50eee6f737d967dcc026538694d25cddd2,cv_6e7ce3b65dc92233a6d079bf4a72bba6d1a2265fd480f37f04f8967c094bce73df4eb58c0bfe52bc2fc7d241841c1a50eee6f737d967dcc026538694d25cddd2,गीत सुन्दै काम गर्दै बस्न रमाइलो हुन्छ ।,huncha,,,1.0,0.95,0.0,false,from_commonvoice_file=common_voice_ne-NP_40820432.mp3
cv_6e7ce3b65dc92233a6d079bf4a72bba6d1a2265fd480f37f04f8967c094bce73df4eb58c0bfe52bc2fc7d241841c1a50eee6f737d967dcc026538694d25cddd2_255_feri,commonvoice,cv-6e7ce3b65dc92233a6d079bf4a72bba6d1a2265fd480f37f04f8967c094bce73df4eb58c0bfe52bc2fc7d241841c1a50eee6f737d967dcc026538694d25cddd2,cv_6e7ce3b65dc92233a6d079bf4a72bba6d1a2265fd480f37f04f8967c094bce73df4eb58c0bfe52bc2fc7d241841c1a50eee6f737d967dcc026538694d25cddd2,फेरि पिउदै छु म त ।,feri,,,1.0,0.95,0.0,false,from_commonvoice_file=common_voice_ne-NP_40820459.mp3
cv_e6bd9c82485c0c71bbd5f952444fc4c3d9329f64f7b493ff71d703e8c5cc22d88e4f902dfc86f7945128b7e941e4cbc1cc8f216c4da3e163c02fd78e147642e9_264_feri,commonvoice,cv-e6bd9c82485c0c71bbd5f952444fc4c3d9329f64f7b493ff71d703e8c5cc22d88e4f902dfc86f7945128b7e941e4cbc1cc8f216c4da3e163c02fd78e147642e9,cv_e6bd9c82485c0c71bbd5f952444fc4c3d9329f64f7b493ff71d703e8c5cc22d88e4f902dfc86f7945128b7e941e4cbc1cc8f216c4da3e163c02fd78e147642e9,"ओसाक लाई फेरि पुनःस्थापन गर्ने सोचमा छौ हामी,अब कसरी अघि बड्नुपर्ला दाइहरु?",feri,,,1.0,0.95,0.0,false,from_commonvoice_file=common_voice_ne-NP_35540887.mp3
cv_e6bd9c82485c0c71bbd5f952444fc4c3d9329f64f7b493ff71d703e8c5cc22d88e4f902dfc86f7945128b7e941e4cbc1cc8f216c4da3e163c02fd78e147642e9_271_feri,commonvoice,cv-e6bd9c82485c0c71bbd5f952444fc4c3d9329f64f7b493ff71d703e8c5cc22d88e4f902dfc86f7945128b7e941e4cbc1cc8f216c4da3e163c02fd78e147642e9,cv_e6bd9c82485c0c71bbd5f952444fc4c3d9329f64f7b493ff71d703e8c5cc22d88e4f902dfc86f7945128b7e941e4cbc1cc8f216c4da3e163c02fd78e147642e9,छालाको जुत्ता फेरि पानीमा लगाउँदा बिग्रने पो हो कि?,feri,,,1.0,0.95,0.0,false,from_commonvoice_file=common_voice_ne-NP_35541040.mp3
cv_e6bd9c82485c0c71bbd5f952444fc4c3d9329f64f7b493ff71d703e8c5cc22d88e4f902dfc86f7945128b7e941e4cbc1cc8f216c4da3e163c02fd78e147642e9_274_maathi,commonvoice,cv-e6bd9c82485c0c71bbd5f952444fc4c3d9329f64f7b493ff71d703e8c5cc22d88e4f902dfc86f7945128b7e941e4cbc1cc8f216c4da3e163c02fd78e147642e9,cv_e6bd9c82485c0c71bbd5f952444fc4c3d9329f64f7b493ff71d703e8c5cc22d88e4f902dfc86f7945128b7e941e4cbc1cc8f216c4da3e163c02fd78e147642e9,सबैले एकचोटि माथि पिन गरिएको सन्देश पनि पढौँ है ।,maathi,,,1.0,0.95,0.0,false,from_commonvoice_file=common_voice_ne-NP_35541045.mp3
cv_e6bd9c82485c0c71bbd5f952444fc4c3d9329f64f7b493ff71d703e8c5cc22d88e4f902dfc86f7945128b7e941e4cbc1cc8f216c4da3e163c02fd78e147642e9_278_huncha,commonvoice,cv-e6bd9c82485c0c71bbd5f952444fc4c3d9329f64f7b493ff71d703e8c5cc22d88e4f902dfc86f7945128b7e941e4cbc1cc8f216c4da3e163c02fd78e147642e9,cv_e6bd9c82485c0c71bbd5f952444fc4c3d9329f64f7b493ff71d703e8c5cc22d88e4f902dfc86f7945128b7e941e4cbc1cc8f216c4da3e163c02fd78e147642e9,"हुन्छ रबिन, बिस्तारै बिस्तारै यो समुह बढाउन पर्छ ।",huncha,,,1.0,0.95,0.0,false,from_commonvoice_file=common_voice_ne-NP_35541137.mp3
cv_e6bd9c82485c0c71bbd5f952444fc4c3d9329f64f7b493ff71d703e8c5cc22d88e4f902dfc86f7945128b7e941e4cbc1cc8f216c4da3e163c02fd78e147642e9_286_huncha,commonvoice,cv-e6bd9c82485c0c71bbd5f952444fc4c3d9329f64f7b493ff71d703e8c5cc22d88e4f902dfc86f7945128b7e941e4cbc1cc8f216c4da3e163c02fd78e147642e9,cv_e6bd9c82485c0c71bbd5f952444fc4c3d9329f64f7b493ff71d703e8c5cc22d88e4f902dfc86f7945128b7e941e4cbc1cc8f216c4da3e163c02fd78e147642e9,भोलि कस्को पक्षमा हुनुहुन्छ हजुर?,huncha,,,1.0,0.95,0.0,false,from_commonvoice_file=common_voice_ne-NP_35541240.mp3
cv_e6bd9c82485c0c71bbd5f952444fc4c3d9329f64f7b493ff71d703e8c5cc22d88e4f902dfc86f7945128b7e941e4cbc1cc8f216c4da3e163c02fd78e147642e9_296_huncha,commonvoice,cv-e6bd9c82485c0c71bbd5f952444fc4c3d9329f64f7b493ff71d703e8c5cc22d88e4f902dfc86f7945128b7e941e4cbc1cc8f216c4da3e163c02fd78e147642e9,cv_e6bd9c82485c0c71bbd5f952444fc4c3d9329f64f7b493ff71d703e8c5cc22d88e4f902dfc86f7945128b7e941e4cbc1cc8f216c4da3e163c02fd78e147642e9,गेडा चाही सानो हुन्छ दाइ यो आपको ।,huncha,,,1.0,0.95,0.0,false,from_commonvoice_file=common_voice_ne-NP_35541382.mp3
cv_e6bd9c82485c0c71bbd5f952444fc4c3d9329f64f7b493ff71d703e8c5cc22d88e4f902dfc86f7945128b7e941e4cbc1cc8f216c4da3e163c02fd78e147642e9_299_huncha,commonvoice,cv-e6bd9c82485c0c71bbd5f952444fc4c3d9329f64f7b493ff71d703e8c5cc22d88e4f902dfc86f7945128b7e941e4cbc1cc8f216c4da3e163c02fd78e147642e9,cv_e6bd9c82485c0c71bbd5f952444fc4c3d9329f64f7b493ff71d703e8c5cc22d88e4f902dfc86f7945128b7e941e4cbc1cc8f216c4da3e163c02fd78e147642e9,एकदिनमा तीनवटा विषय मात्रै पढाई हुन्छ ।,huncha,,,1.0,0.95,0.0,false,from_commonvoice_file=common_voice_ne-NP_35541499.mp3
cv_35519c95f34c573e87b8a04e6da4786df9e7e554b894e5389ff92dc7fde42f30066dc11b30292ee1d2493dbf331cc7e34585594898d1ad5aac06fd0e3b6f1cd9_309_thik_chha,commonvoice,cv-35519c95f34c573e87b8a04e6da4786df9e7e554b894e5389ff92dc7fde42f30066dc11b30292ee1d2493dbf331cc7e34585594898d1ad5aac06fd0e3b6f1cd9,cv_35519c95f34c573e87b8a04e6da4786df9e7e554b894e5389ff92dc7fde42f30066dc11b30292ee1d2493dbf331cc7e34585594898d1ad5aac06fd0e3b6f1cd9,सब ठिक छ दाइ।,thik_chha,,,1.0,0.95,0.0,false,from_commonvoice_file=common_voice_ne-NP_39608548.mp3
cv_35519c95f34c573e87b8a04e6da4786df9e7e554b894e5389ff92dc7fde42f30066dc11b30292ee1d2493dbf331cc7e34585594898d1ad5aac06fd0e3b6f1cd9_316_feri,commonvoice,cv-35519c95f34c573e87b8a04e6da4786df9e7e554b894e5389ff92dc7fde42f30066dc11b30292ee1d2493dbf331cc7e34585594898d1ad5aac06fd0e3b6f1cd9,cv_35519c95f34c573e87b8a04e6da4786df9e7e554b894e5389ff92dc7fde42f30066dc11b30292ee1d2493dbf331cc7e34585594898d1ad5aac06fd0e3b6f1cd9,दस पटक फेरिए पनि सरकार ठूला डिलरको दाहिना नै रह्यो ।,feri,,,1.0,0.95,0.0,false,from_commonvoice_file=common_voice_ne-NP_39608556.mp3
cv_1ef5bdb45e3abf45320f711862ef4a9ef5067e7a1778d1c9e129f8eaa7a3f5d17b045c2afff94ec59a2480f084e6d109d6e35fdd28f339fc8122a003584b3c8c_365_huncha,commonvoice,cv-1ef5bdb45e3abf45320f711862ef4a9ef5067e7a1778d1c9e129f8eaa7a3f5d17b045c2afff94ec59a2480f084e6d109d6e35fdd28f339fc8122a003584b3c8c,cv_1ef5bdb45e3abf45320f711862ef4a9ef5067e7a1778d1c9e129f8eaa7a3f5d17b045c2afff94ec59a2480f084e6d109d6e35fdd28f339fc8122a003584b3c8c,आज ब्राजिललाई समर्थन गर्ने को को हुनुहुन्छ?,huncha,,,1.0,0.95,0.0,false,from_commonvoice_file=common_voice_ne-NP_32914795.mp3
cv_1ef5bdb45e3abf45320f711862ef4a9ef5067e7a1778d1c9e129f8eaa7a3f5d17b045c2afff94ec59a2480f084e6d109d6e35fdd28f339fc8122a003584b3c8c_372_huncha,commonvoice,cv-1ef5bdb45e3abf45320f711862ef4a9ef5067e7a1778d1c9e129f8eaa7a3f5d17b045c2afff94ec59a2480f084e6d109d6e35fdd28f339fc8122a003584b3c8c,cv_1ef5bdb45e3abf45320f711862ef4a9ef5067e7a1778d1c9e129f8eaa7a3f5d17b045c2afff94ec59a2480f084e6d109d6e35fdd28f339fc8122a003584b3c8c,फिल्म हेर्दा उनले केका लागि त्यत्रो पैसा पाए होलान् भन्ने प्रश्न खडा हुन्छ ।,huncha,,,1.0,0.95,0.0,false,from_commonvoice_file=common_voice_ne-NP_32914812.mp3
cv_1ef5bdb45e3abf45320f711862ef4a9ef5067e7a1778d1c9e129f8eaa7a3f5d17b045c2afff94ec59a2480f084e6d109d6e35fdd28f339fc8122a003584b3c8c_394_huncha,commonvoice,cv-1ef5bdb45e3abf45320f711862ef4a9ef5067e7a1778d1c9e129f8eaa7a3f5d17b045c2afff94ec59a2480f084e6d109d6e35fdd28f339fc8122a003584b3c8c,cv_1ef5bdb45e3abf45320f711862ef4a9ef5067e7a1778d1c9e129f8eaa7a3f5d17b045c2afff94ec59a2480f084e6d109d6e35fdd28f339fc8122a003584b3c8c,गुच्चा खेल्नु हुन्छ?,huncha,,,1.0,0.95,0.0,false,from_commonvoice_file=common_voice_ne-NP_32914880.mp3
cv_1ef5bdb45e3abf45320f711862ef4a9ef5067e7a1778d1c9e129f8eaa7a3f5d17b045c2afff94ec59a2480f084e6d109d6e35fdd28f339fc8122a003584b3c8c_404_huncha,commonvoice,cv-1ef5bdb45e3abf45320f711862ef4a9ef5067e7a1778d1c9e129f8eaa7a3f5d17b045c2afff94ec59a2480f084e6d109d6e35fdd28f339fc8122a003584b3c8c,cv_1ef5bdb45e3abf45320f711862ef4a9ef5067e7a1778d1c9e129f8eaa7a3f5d17b045c2afff94ec59a2480f084e6d109d6e35fdd28f339fc8122a003584b3c8c,सिमरामा निकै गर्मी हुन्छ ।,huncha,,,1.0,0.95,0.0,false,from_commonvoice_file=common_voice_ne-NP_32914900.mp3
cv_b04876941eb74a0d7971c73e1d6d2101f02d13c2134e7af8e89454473adcacbaa9511a8616ff377aa7683e3f7ed35325d9f4d5ee12ad49f61dd1513aca8bb628_419_huncha,commonvoice,cv-b04876941eb74a0d7971c73e1d6d2101f02d13c2134e7af8e89454473adcacbaa9511a8616ff377aa7683e3f7ed35325d9f4d5ee12ad49f61dd1513aca8bb628,cv_b04876941eb74a0d7971c73e1d6d2101f02d13c2134e7af8e89454473adcacbaa9511a8616ff377aa7683e3f7ed35325d9f4d5ee12ad49f61dd1513aca8bb628,के मा व्यस्त हुनुहुन्छ रोशन जी?,huncha,,,1.0,0.95,0.0,false,from_commonvoice_file=common_voice_ne-NP_32521090.mp3
cv_b04876941eb74a0d7971c73e1d6d2101f02d13c2134e7af8e89454473adcacbaa9511a8616ff377aa7683e3f7ed35325d9f4d5ee12ad49f61dd1513aca8bb628_420_feri,commonvoice,cv-b04876941eb74a0d7971c73e1d6d2101f02d13c2134e7af8e89454473adcacbaa9511a8616ff377aa7683e3f7ed35325d9f4d5ee12ad49f61dd1513aca8bb628,cv_b04876941eb74a0d7971c73e1d6d2101f02d13c2134e7af8e89454473adcacbaa9511a8616ff377aa7683e3f7ed35325d9f4d5ee12ad49f61dd1513aca8bb628,पाचौँ सेमेस्टरको परीक्षा पछि फेरि हाम्रो परीक्षा अाउला नि ।,feri,,,1.0,0.95,0.0,false,from_commonvoice_file=common_voice_ne-NP_32521094.mp3
cv_b04876941eb74a0d7971c73e1d6d2101f02d13c2134e7af8e89454473adcacbaa9511a8616ff377aa7683e3f7ed35325d9f4d5ee12ad49f61dd1513aca8bb628_446_suru,commonvoice,cv-b04876941eb74a0d7971c73e1d6d2101f02d13c2134e7af8e89454473adcacbaa9511a8616ff377aa7683e3f7ed35325d9f4d5ee12ad49f61dd1513aca8bb628,cv_b04876941eb74a0d7971c73e1d6d2101f02d13c2134e7af8e89454473adcacbaa9511a8616ff377aa7683e3f7ed35325d9f4d5ee12ad49f61dd1513aca8bb628,सुरुवात चाँही हजुरबाट नै गरौ न त ।,suru,,,1.0,0.95,0.0,false,from_commonvoice_file=common_voice_ne-NP_32521185.mp3
cv_b04876941eb74a0d7971c73e1d6d2101f02d13c2134e7af8e89454473adcacbaa9511a8616ff377aa7683e3f7ed35325d9f4d5ee12ad49f61dd1513aca8bb628_454_huncha,commonvoice,cv-b04876941eb74a0d7971c73e1d6d2101f02d13c2134e7af8e89454473adcacbaa9511a8616ff377aa7683e3f7ed35325d9f4d5ee12ad49f61dd1513aca8bb628,cv_b04876941eb74a0d7971c73e1d6d2101f02d13c2134e7af8e89454473adcacbaa9511a8616ff377aa7683e3f7ed35325d9f4d5ee12ad49f61dd1513aca8bb628,अहिले म चाबहिलमा छु हजुरहरु चै कता हुनुहुन्छ?,huncha,,,1.0,0.95,0.0,false,from_commonvoice_file=common_voice_ne-NP_32826933.mp3
cv_b04876941eb74a0d7971c73e1d6d2101f02d13c2134e7af8e89454473adcacbaa9511a8616ff377aa7683e3f7ed35325d9f4d5ee12ad49f61dd1513aca8bb628_457_thik_chha,commonvoice,cv-b04876941eb74a0d7971c73e1d6d2101f02d13c2134e7af8e89454473adcacbaa9511a8616ff377aa7683e3f7ed35325d9f4d5ee12ad49f61dd1513aca8bb628,cv_b04876941eb74a0d7971c73e1d6d2101f02d13c2134e7af8e89454473adcacbaa9511a8616ff377aa7683e3f7ed35325d9f4d5ee12ad49f61dd1513aca8bb628,ल ठिक छ ।,thik_chha,,,1.0,0.95,0.0,false,from_commonvoice_file=common_voice_ne-NP_32826937.mp3
cv_b04876941eb74a0d7971c73e1d6d2101f02d13c2134e7af8e89454473adcacbaa9511a8616ff377aa7683e3f7ed35325d9f4d5ee12ad49f61dd1513aca8bb628_462_huncha,commonvoice,cv-b04876941eb74a0d7971c73e1d6d2101f02d13c2134e7af8e89454473adcacbaa9511a8616ff377aa7683e3f7ed35325d9f4d5ee12ad49f61dd1513aca8bb628,cv_b04876941eb74a0d7971c73e1d6d2101f02d13c2134e7af8e89454473adcacbaa9511a8616ff377aa7683e3f7ed35325d9f4d5ee12ad49f61dd1513aca8bb628,आज परीक्षाको नतिजा प्रकाशन हुन्छ ।,huncha,,,1.0,0.95,0.0,false,from_commonvoice_file=common_voice_ne-NP_32826942.mp3
cv_626e8569ef5529bf6d498c30c86a349ec116eee49f37d3720b4fb0d07a8908601210d3964fbf0da1edd0aa03f9f84213554988b74879fa48d6ddb59ca1b4252e_478_huncha,commonvoice,cv-626e8569ef5529bf6d498c30c86a349ec116eee49f37d3720b4fb0d07a8908601210d3964fbf0da1edd0aa03f9f84213554988b74879fa48d6ddb59ca1b4252e,cv_626e8569ef5529bf6d498c30c86a349ec116eee49f37d3720b4fb0d07a8908601210d3964fbf0da1edd0aa03f9f84213554988b74879fa48d6ddb59ca1b4252e,उनको डाह गर्ने स्वाभाविकरूपमै धेरै हुन्छन् ।,huncha,,,1.0,0.95,0.0,false,from_commonvoice_file=common_voice_ne-NP_38025365.mp3
cv_626e8569ef5529bf6d498c30c86a349ec116eee49f37d3720b4fb0d07a8908601210d3964fbf0da1edd0aa03f9f84213554988b74879fa48d6ddb59ca1b4252e_482_huncha,commonvoice,cv-626e8569ef5529bf6d498c30c86a349ec116eee49f37d3720b4fb0d07a8908601210d3964fbf0da1edd0aa03f9f84213554988b74879fa48d6ddb59ca1b4252e,cv_626e8569ef5529bf6d498c30c86a349ec116eee49f37d3720b4fb0d07a8908601210d3964fbf0da1edd0aa03f9f84213554988b74879fa48d6ddb59ca1b4252e,यो समुहमा रमाइलो कुरा हुन्छ है।,huncha,,,1.0,0.95,0.0,false,from_commonvoice_file=common_voice_ne-NP_38025370.mp3
cv_626e8569ef5529bf6d498c30c86a349ec116eee49f37d3720b4fb0d07a8908601210d3964fbf0da1edd0aa03f9f84213554988b74879fa48d6ddb59ca1b4252e_489_huncha,commonvoice,cv-626e8569ef5529bf6d498c30c86a349ec116eee49f37d3720b4fb0d07a8908601210d3964fbf0da1edd0aa03f9f84213554988b74879fa48d6ddb59ca1b4252e,cv_626e8569ef5529bf6d498c30c86a349ec116eee49f37d3720b4fb0d07a8908601210d3964fbf0da1edd0aa03f9f84213554988b74879fa48d6ddb59ca1b4252e,कुहिरो लागे जस्तै धूलो हुन्छ।,huncha,,,1.0,0.95,0.0,false,from_commonvoice_file=common_voice_ne-NP_38025378.mp3
cv_626e8569ef5529bf6d498c30c86a349ec116eee49f37d3720b4fb0d07a8908601210d3964fbf0da1edd0aa03f9f84213554988b74879fa48d6ddb59ca1b4252e_496_huncha,commonvoice,cv-626e8569ef5529bf6d498c30c86a349ec116eee49f37d3720b4fb0d07a8908601210d3964fbf0da1edd0aa03f9f84213554988b74879fa48d6ddb59ca1b4252e,cv_626e8569ef5529bf6d498c30c86a349ec116eee49f37d3720b4fb0d07a8908601210d3964fbf0da1edd0aa03f9f84213554988b74879fa48d6ddb59ca1b4252e,धेरै पानी पिउनु स्वास्थ्यका लागि फाइदाजनक हुन्छ।,huncha,,,1.0,0.95,0.0,false,from_commonvoice_file=common_voice_ne-NP_38025387.mp3
cv_626e8569ef5529bf6d498c30c86a349ec116eee49f37d3720b4fb0d07a8908601210d3964fbf0da1edd0aa03f9f84213554988b74879fa48d6ddb59ca1b4252e_497_tala,commonvoice,cv-626e8569ef5529bf6d498c30c86a349ec116eee49f37d3720b4fb0d07a8908601210d3964fbf0da1edd0aa03f9f84213554988b74879fa48d6ddb59ca1b4252e,cv_626e8569ef5529bf6d498c30c86a349ec116eee49f37d3720b4fb0d07a8908601210d3964fbf0da1edd0aa03f9f84213554988b74879fa48d6ddb59ca1b4252e,"वीरहरूका रगतले, स्वतन्त्र र अटल।",tala,,,1.0,0.95,0.0,false,from_commonvoice_file=common_voice_ne-NP_38025389.mp3
cv_626e8569ef5529bf6d498c30c86a349ec116eee49f37d3720b4fb0d07a8908601210d3964fbf0da1edd0aa03f9f84213554988b74879fa48d6ddb59ca1b4252e_504_huncha,commonvoice,cv-626e8569ef5529bf6d498c30c86a349ec116eee49f37d3720b4fb0d07a8908601210d3964fbf0da1edd0aa03f9f84213554988b74879fa48d6ddb59ca1b4252e,cv_626e8569ef5529bf6d498c30c86a349ec116eee49f37d3720b4fb0d07a8908601210d3964fbf0da1edd0aa03f9f84213554988b74879fa48d6ddb59ca1b4252e,गुच्चा खेल्नु हुन्छ?,huncha,,,1.0,0.95,0.0,false,from_commonvoice_file=common_voice_ne-NP_38025403.mp3
cv_626e8569ef5529bf6d498c30c86a349ec116eee49f37d3720b4fb0d07a8908601210d3964fbf0da1edd0aa03f9f84213554988b74879fa48d6ddb59ca1b4252e_512_huncha,commonvoice,cv-626e8569ef5529bf6d498c30c86a349ec116eee49f37d3720b4fb0d07a8908601210d3964fbf0da1edd0aa03f9f84213554988b74879fa48d6ddb59ca1b4252e,cv_626e8569ef5529bf6d498c30c86a349ec116eee49f37d3720b4fb0d07a8908601210d3964fbf0da1edd0aa03f9f84213554988b74879fa48d6ddb59ca1b4252e,हिमालमा धेरै चिसो हुन्छ ।,huncha,,,1.0,0.95,0.0,false,from_commonvoice_file=common_voice_ne-NP_38025504.mp3
cv_626e8569ef5529bf6d498c30c86a349ec116eee49f37d3720b4fb0d07a8908601210d3964fbf0da1edd0aa03f9f84213554988b74879fa48d6ddb59ca1b4252e_522_huncha,commonvoice,cv-626e8569ef5529bf6d498c30c86a349ec116eee49f37d3720b4fb0d07a8908601210d3964fbf0da1edd0aa03f9f84213554988b74879fa48d6ddb59ca1b4252e,cv_626e8569ef5529bf6d498c30c86a349ec116eee49f37d3720b4fb0d07a8908601210d3964fbf0da1edd0aa03f9f84213554988b74879fa48d6ddb59ca1b4252e,कोदो को ढिधो मीठो हुन्छ ।,huncha,,,1.0,0.95,0.0,false,from_commonvoice_file=common_voice_ne-NP_38025525.mp3
cv_626e8569ef5529bf6d498c30c86a349ec116eee49f37d3720b4fb0d07a8908601210d3964fbf0da1edd0aa03f9f84213554988b74879fa48d6ddb59ca1b4252e_527_huncha,commonvoice,cv-626e8569ef5529bf6d498c30c86a349ec116eee49f37d3720b4fb0d07a8908601210d3964fbf0da1edd0aa03f9f84213554988b74879fa48d6ddb59ca1b4252e,cv_626e8569ef5529bf6d498c30c86a349ec116eee49f37d3720b4fb0d07a8908601210d3964fbf0da1edd0aa03f9f84213554988b74879fa48d6ddb59ca1b4252e,मलाई नेपाल भनेपछि हुरुक्क हुन्छ ।,huncha,,,1.0,0.95,0.0,false,from_commonvoice_file=common_voice_ne-NP_38025538.mp3
cv_626e8569ef5529bf6d498c30c86a349ec116eee49f37d3720b4fb0d07a8908601210d3964fbf0da1edd0aa03f9f84213554988b74879fa48d6ddb59ca1b4252e_529_suru,commonvoice,cv-626e8569ef5529bf6d498c30c86a349ec116eee49f37d3720b4fb0d07a8908601210d3964fbf0da1edd0aa03f9f84213554988b74879fa48d6ddb59ca1b4252e,cv_626e8569ef5529bf6d498c30c86a349ec116eee49f37d3720b4fb0d07a8908601210d3964fbf0da1edd0aa03f9f84213554988b74879fa48d6ddb59ca1b4252e,सुरु नै यो वाक्यबाट गर्नु पर्ने।,suru,,,1.0,0.95,0.0,false,from_commonvoice_file=common_voice_ne-NP_38025552.mp3
cv_626e8569ef5529bf6d498c30c86a349ec116eee49f37d3720b4fb0d07a8908601210d3964fbf0da1edd0aa03f9f84213554988b74879fa48d6ddb59ca1b4252e_534_feri,commonvoice,cv-626e8569ef5529bf6d498c30c86a349ec116eee49f37d3720b4fb0d07a8908601210d3964fbf0da1edd0aa03f9f84213554988b74879fa48d6ddb59ca1b4252e,cv_626e8569ef5529bf6d498c30c86a349ec116eee49f37d3720b4fb0d07a8908601210d3964fbf0da1edd0aa03f9f84213554988b74879fa48d6ddb59ca1b4252e,फेरि चित्त दुख्यो ।,feri,,,1.0,0.95,0.0,false,from_commonvoice_file=common_voice_ne-NP_38025560.mp3
cv_626e8569ef5529bf6d498c30c86a349ec116eee49f37d3720b4fb0d07a8908601210d3964fbf0da1edd0aa03f9f84213554988b74879fa48d6ddb59ca1b4252e_537_huncha,commonvoice,cv-626e8569ef5529bf6d498c30c86a349ec116eee49f37d3720b4fb0d07a8908601210d3964fbf0da1edd0aa03f9f84213554988b74879fa48d6ddb59ca1b4252e,cv_626e8569ef5529bf6d498c30c86a349ec116eee49f37d3720b4fb0d07a8908601210d3964fbf0da1edd0aa03f9f84213554988b74879fa48d6ddb59ca1b4252e,अहिले वर्षमा झन्डै सयवटा चलचित्र रिलिज हुन्छन् ।,huncha,,,1.0,0.95,0.0,false,from_commonvoice_file=common_voice_ne-NP_38025564.mp3
cv_626e8569ef5529bf6d498c30c86a349ec116eee49f37d3720b4fb0d07a8908601210d3964fbf0da1edd0aa03f9f84213554988b74879fa48d6ddb59ca1b4252e_538_huncha,commonvoice,cv-626e8569ef5529bf6d498c30c86a349ec116eee49f37d3720b4fb0d07a8908601210d3964fbf0da1edd0aa03f9f84213554988b74879fa48d6ddb59ca1b4252e,cv_626e8569ef5529bf6d498c30c86a349ec116eee49f37d3720b4fb0d07a8908601210d3964fbf0da1edd0aa03f9f84213554988b74879fa48d6ddb59ca1b4252e,"ल है, म एकछिन अलि बिजी हुन्छु ।",huncha,,,1.0,0.95,0.0,false,from_commonvoice_file=common_voice_ne-NP_38025576.mp3
cv_626e8569ef5529bf6d498c30c86a349ec116eee49f37d3720b4fb0d07a8908601210d3964fbf0da1edd0aa03f9f84213554988b74879fa48d6ddb59ca1b4252e_549_huncha,commonvoice,cv-626e8569ef5529bf6d498c30c86a349ec116eee49f37d3720b4fb0d07a8908601210d3964fbf0da1edd0aa03f9f84213554988b74879fa48d6ddb59ca1b4252e,cv_626e8569ef5529bf6d498c30c86a349ec116eee49f37d3720b4fb0d07a8908601210d3964fbf0da1edd0aa03f9f84213554988b74879fa48d6ddb59ca1b4252e,फिल्म हेर्दा उनले केका लागि त्यत्रो पैसा पाए होलान् भन्ने प्रश्न खडा हुन्छ ।,huncha,,,1.0,0.95,0.0,false,from_commonvoice_file=common_voice_ne-NP_38025597.mp3
cv_008ec3f33e366622a460d146d5486d7b192c8ddc438c647554fb6584e341eef1c1cd43a6c75df7a07aeb5c162b1a94bb8e49abc854739e74281bd85c5b6b4164_564_huncha,commonvoice,cv-008ec3f33e366622a460d146d5486d7b192c8ddc438c647554fb6584e341eef1c1cd43a6c75df7a07aeb5c162b1a94bb8e49abc854739e74281bd85c5b6b4164,cv_008ec3f33e366622a460d146d5486d7b192c8ddc438c647554fb6584e341eef1c1cd43a6c75df7a07aeb5c162b1a94bb8e49abc854739e74281bd85c5b6b4164,अहिले वर्षमा झन्डै सयवटा चलचित्र रिलिज हुन्छन् ।,huncha,,,1.0,0.95,0.0,false,from_commonvoice_file=common_voice_ne-NP_36285497.mp3
cv_008ec3f33e366622a460d146d5486d7b192c8ddc438c647554fb6584e341eef1c1cd43a6c75df7a07aeb5c162b1a94bb8e49abc854739e74281bd85c5b6b4164_567_huncha,commonvoice,cv-008ec3f33e366622a460d146d5486d7b192c8ddc438c647554fb6584e341eef1c1cd43a6c75df7a07aeb5c162b1a94bb8e49abc854739e74281bd85c5b6b4164,cv_008ec3f33e366622a460d146d5486d7b192c8ddc438c647554fb6584e341eef1c1cd43a6c75df7a07aeb5c162b1a94bb8e49abc854739e74281bd85c5b6b4164,त्यसो भए उत्कृष्ठ हुन्छ।,huncha,,,1.0,0.95,0.0,false,from_commonvoice_file=common_voice_ne-NP_36285584.mp3
cv_008ec3f33e366622a460d146d5486d7b192c8ddc438c647554fb6584e341eef1c1cd43a6c75df7a07aeb5c162b1a94bb8e49abc854739e74281bd85c5b6b4164_579_huncha,commonvoice,cv-008ec3f33e366622a460d146d5486d7b192c8ddc438c647554fb6584e341eef1c1cd43a6c75df7a07aeb5c162b1a94bb8e49abc854739e74281bd85c5b6b4164,cv_008ec3f33e366622a460d146d5486d7b192c8ddc438c647554fb6584e341eef1c1cd43a6c75df7a07aeb5c162b1a94bb8e49abc854739e74281bd85c5b6b4164,हुन्छ नुतन दाई ।,huncha,,,1.0,0.95,0.0,false,from_commonvoice_file=common_voice_ne-NP_36285729.mp3
cv_008ec3f33e366622a460d146d5486d7b192c8ddc438c647554fb6584e341eef1c1cd43a6c75df7a07aeb5c162b1a94bb8e49abc854739e74281bd85c5b6b4164_609_maathi,commonvoice,cv-008ec3f33e366622a460d146d5486d7b192c8ddc438c647554fb6584e341eef1c1cd43a6c75df7a07aeb5c162b1a94bb8e49abc854739e74281bd85c5b6b4164,cv_008ec3f33e366622a460d146d5486d7b192c8ddc438c647554fb6584e341eef1c1cd43a6c75df7a07aeb5c162b1a94bb8e49abc854739e74281bd85c5b6b4164,त्यसमाथि जमिन फिर्ता हुँदा सुवर्ण जी जीवित पनि थिएनन् ।,maathi,,,1.0,0.95,0.0,false,from_commonvoice_file=common_voice_ne-NP_36287728.mp3
cv_008ec3f33e366622a460d146d5486d7b192c8ddc438c647554fb6584e341eef1c1cd43a6c75df7a07aeb5c162b1a94bb8e49abc854739e74281bd85c5b6b4164_623_huncha,commonvoice,cv-008ec3f33e366622a460d146d5486d7b192c8ddc438c647554fb6584e341eef1c1cd43a6c75df7a07aeb5c162b1a94bb8e49abc854739e74281bd85c5b6b4164,cv_008ec3f33e366622a460d146d5486d7b192c8ddc438c647554fb6584e341eef1c1cd43a6c75df7a07aeb5c162b1a94bb8e49abc854739e74281bd85c5b6b4164,रमाइलो नै हुन्छ जे होस् ।,huncha,,,1.0,0.95,0.0,false,from_commonvoice_file=common_voice_ne-NP_36342016.mp3
cv_008ec3f33e366622a460d146d5486d7b192c8ddc438c647554fb6584e341eef1c1cd43a6c75df7a07aeb5c162b1a94bb8e49abc854739e74281bd85c5b6b4164_636_suru,commonvoice,cv-008ec3f33e366622a460d146d5486d7b192c8ddc438c647554fb6584e341eef1c1cd43a6c75df7a07aeb5c162b1a94bb8e49abc854739e74281bd85c5b6b4164,cv_008ec3f33e366622a460d146d5486d7b192c8ddc438c647554fb6584e341eef1c1cd43a6c75df7a07aeb5c162b1a94bb8e49abc854739e74281bd85c5b6b4164,"हाहा अँ सुरुवात, धन्यवाद सुझाव को लागि ।",suru,,,1.0,0.95,0.0,false,from_commonvoice_file=common_voice_ne-NP_36342252.mp3
cv_008ec3f33e366622a460d146d5486d7b192c8ddc438c647554fb6584e341eef1c1cd43a6c75df7a07aeb5c162b1a94bb8e49abc854739e74281bd85c5b6b4164_657_suru,commonvoice,cv-008ec3f33e366622a460d146d5486d7b192c8ddc438c647554fb6584e341eef1c1cd43a6c75df7a07aeb5c162b1a94bb8e49abc854739e74281bd85c5b6b4164,cv_008ec3f33e366622a460d146d5486d7b192c8ddc438c647554fb6584e341eef1c1cd43a6c75df7a07aeb5c162b1a94bb8e49abc854739e74281bd85c5b6b4164,मैले मेरो दिन यस वाक्यबाट सुरु गरे है त!,suru,,,1.0,0.95,0.0,false,from_commonvoice_file=common_voice_ne-NP_36342458.mp3
cv_008ec3f33e366622a460d146d5486d7b192c8ddc438c647554fb6584e341eef1c1cd43a6c75df7a07aeb5c162b1a94bb8e49abc854739e74281bd85c5b6b4164_665_feri,commonvoice,cv-008ec3f33e366622a460d146d5486d7b192c8ddc438c647554fb6584e341eef1c1cd43a6c75df7a07aeb5c162b1a94bb8e49abc854739e74281bd85c5b6b4164,cv_008ec3f33e366622a460d146d5486d7b192c8ddc438c647554fb6584e341eef1c1cd43a6c75df7a07aeb5c162b1a94bb8e49abc854739e74281bd85c5b6b4164,दस पटक फेरिए पनि सरकार ठूला डिलरको दाहिना नै रह्यो ।,feri,,,1.0,0.95,0.0,false,from_commonvoice_file=common_voice_ne-NP_37300095.mp3
cv_008ec3f33e366622a460d146d5486d7b192c8ddc438c647554fb6584e341eef1c1cd43a6c75df7a07aeb5c162b1a94bb8e49abc854739e74281bd85c5b6b4164_669_huncha,commonvoice,cv-008ec3f33e366622a460d146d5486d7b192c8ddc438c647554fb6584e341eef1c1cd43a6c75df7a07aeb5c162b1a94bb8e49abc854739e74281bd85c5b6b4164,cv_008ec3f33e366622a460d146d5486d7b192c8ddc438c647554fb6584e341eef1c1cd43a6c75df7a07aeb5c162b1a94bb8e49abc854739e74281bd85c5b6b4164,को को के के गर्दै हुनुहुन्छ?,huncha,,,1.0,0.95,0.0,false,from_commonvoice_file=common_voice_ne-NP_37533370.mp3
cv_008ec3f33e366622a460d146d5486d7b192c8ddc438c647554fb6584e341eef1c1cd43a6c75df7a07aeb5c162b1a94bb8e49abc854739e74281bd85c5b6b4164_674_huncha,commonvoice,cv-008ec3f33e366622a460d146d5486d7b192c8ddc438c647554fb6584e341eef1c1cd43a6c75df7a07aeb5c162b1a94bb8e49abc854739e74281bd85c5b6b4164,cv_008ec3f33e366622a460d146d5486d7b192c8ddc438c647554fb6584e341eef1c1cd43a6c75df7a07aeb5c162b1a94bb8e49abc854739e74281bd85c5b6b4164,"यदि मैले कुनै वाक्य लेखे भने, त्यो वाक्यमा स्वत मेरो अधिकार हुन्छ ।",huncha,,,1.0,0.95,0.0,false,from_commonvoice_file=common_voice_ne-NP_37533375.mp3
cv_008ec3f33e366622a460d146d5486d7b192c8ddc438c647554fb6584e341eef1c1cd43a6c75df7a07aeb5c162b1a94bb8e49abc854739e74281bd85c5b6b4164_676_feri,commonvoice,cv-008ec3f33e366622a460d146d5486d7b192c8ddc438c647554fb6584e341eef1c1cd43a6c75df7a07aeb5c162b1a94bb8e49abc854739e74281bd85c5b6b4164,cv_008ec3f33e366622a460d146d5486d7b192c8ddc438c647554fb6584e341eef1c1cd43a6c75df7a07aeb5c162b1a94bb8e49abc854739e74281bd85c5b6b4164,अनि फेरि पौडी खेल्न जानुपर्छ है ।,feri,,,1.0,0.95,0.0,false,from_commonvoice_file=common_voice_ne-NP_37533377.mp3
cv_9f8a47cee5574b287a8f93f5498d81115cf1dfbd718ead4f2265e4400f7de0f017a58a2c8c1245e0d3ceeccffa5b110322c4f784aa8a9785e3219557cb44395e_695_banda,commonvoice,cv-9f8a47cee5574b287a8f93f5498d81115cf1dfbd718ead4f2265e4400f7de0f017a58a2c8c1245e0d3ceeccffa5b110322c4f784aa8a9785e3219557cb44395e,cv_9f8a47cee5574b287a8f93f5498d81115cf1dfbd718ead4f2265e4400f7de0f017a58a2c8c1245e0d3ceeccffa5b110322c4f784aa8a9785e3219557cb44395e,सर्भर बन्द भएको रहेछ ।,banda,,,1.0,0.95,0.0,false,from_commonvoice_file=common_voice_ne-NP_35314138.mp3
cv_9f8a47cee5574b287a8f93f5498d81115cf1dfbd718ead4f2265e4400f7de0f017a58a2c8c1245e0d3ceeccffa5b110322c4f784aa8a9785e3219557cb44395e_702_huncha,commonvoice,cv-9f8a47cee5574b287a8f93f5498d81115cf1dfbd718ead4f2265e4400f7de0f017a58a2c8c1245e0d3ceeccffa5b110322c4f784aa8a9785e3219557cb44395e,cv_9f8a47cee5574b287a8f93f5498d81115cf1dfbd718ead4f2265e4400f7de0f017a58a2c8c1245e0d3ceeccffa5b110322c4f784aa8a9785e3219557cb44395e,को को के के गर्दै हनुहुन्छ?,huncha,,,1.0,0.95,0.0,false,from_commonvoice_file=common_voice_ne-NP_35314173.mp3
cv_9f8a47cee5574b287a8f93f5498d81115cf1dfbd718ead4f2265e4400f7de0f017a58a2c8c1245e0d3ceeccffa5b110322c4f784aa8a9785e3219557cb44395e_709_huncha,commonvoice,cv-9f8a47cee5574b287a8f93f5498d81115cf1dfbd718ead4f2265e4400f7de0f017a58a2c8c1245e0d3ceeccffa5b110322c4f784aa8a9785e3219557cb44395e,cv_9f8a47cee5574b287a8f93f5498d81115cf1dfbd718ead4f2265e4400f7de0f017a58a2c8c1245e0d3ceeccffa5b110322c4f784aa8a9785e3219557cb44395e,भित्ताको पनि कान हुन्छ,huncha,,,1.0,0.95,0.0,false,from_commonvoice_file=common_voice_ne-NP_35314183.mp3
cv_9f8a47cee5574b287a8f93f5498d81115cf1dfbd718ead4f2265e4400f7de0f017a58a2c8c1245e0d3ceeccffa5b110322c4f784aa8a9785e3219557cb44395e_710_huncha,commonvoice,cv-9f8a47cee5574b287a8f93f5498d81115cf1dfbd718ead4f2265e4400f7de0f017a58a2c8c1245e0d3ceeccffa5b110322c4f784aa8a9785e3219557cb44395e,cv_9f8a47cee5574b287a8f93f5498d81115cf1dfbd718ead4f2265e4400f7de0f017a58a2c8c1245e0d3ceeccffa5b110322c4f784aa8a9785e3219557cb44395e,अनि यस्को आकार पनि सुपारीको जस्तै हुन्छ ।,huncha,,,1.0,0.95,0.0,false,from_commonvoice_file=common_voice_ne-NP_35314184.mp3
cv_9f8a47cee5574b287a8f93f5498d81115cf1dfbd718ead4f2265e4400f7de0f017a58a2c8c1245e0d3ceeccffa5b110322c4f784aa8a9785e3219557cb44395e_733_huncha,commonvoice,cv-9f8a47cee5574b287a8f93f5498d81115cf1dfbd718ead4f2265e4400f7de0f017a58a2c8c1245e0d3ceeccffa5b110322c4f784aa8a9785e3219557cb44395e,cv_9f8a47cee5574b287a8f93f5498d81115cf1dfbd718ead4f2265e4400f7de0f017a58a2c8c1245e0d3ceeccffa5b110322c4f784aa8a9785e3219557cb44395e,धेरै पानी पिउनु स्वास्थ्यका लागि फाइदाजनक हुन्छ।,huncha,,,1.0,0.95,0.0,false,from_commonvoice_file=common_voice_ne-NP_35314273.mp3
cv_9f8a47cee5574b287a8f93f5498d81115cf1dfbd718ead4f2265e4400f7de0f017a58a2c8c1245e0d3ceeccffa5b110322c4f784aa8a9785e3219557cb44395e_742_huncha,commonvoice,cv-9f8a47cee5574b287a8f93f5498d81115cf1dfbd718ead4f2265e4400f7de0f017a58a2c8c1245e0d3ceeccffa5b110322c4f784aa8a9785e3219557cb44395e,cv_9f8a47cee5574b287a8f93f5498d81115cf1dfbd718ead4f2265e4400f7de0f017a58a2c8c1245e0d3ceeccffa5b110322c4f784aa8a9785e3219557cb44395e,यो समुहमा रमाइलो कुरा हुन्छ है।,huncha,,,1.0,0.95,0.0,false,from_commonvoice_file=common_voice_ne-NP_35314318.mp3
cv_9f8a47cee5574b287a8f93f5498d81115cf1dfbd718ead4f2265e4400f7de0f017a58a2c8c1245e0d3ceeccffa5b110322c4f784aa8a9785e3219557cb44395e_774_huncha,commonvoice,cv-9f8a47cee5574b287a8f93f5498d81115cf1dfbd718ead4f2265e4400f7de0f017a58a2c8c1245e0d3ceeccffa5b110322c4f784aa8a9785e3219557cb44395e,cv_9f8a47cee5574b287a8f93f5498d81115cf1dfbd718ead4f2265e4400f7de0f017a58a2c8c1245e0d3ceeccffa5b110322c4f784aa8a9785e3219557cb44395e,कति बेला के हुन्छ पत्तो नै नहुने भन्या।,huncha,,,1.0,0.95,0.0,false,from_commonvoice_file=common_voice_ne-NP_35314708.mp3
cv_9f8a47cee5574b287a8f93f5498d81115cf1dfbd718ead4f2265e4400f7de0f017a58a2c8c1245e0d3ceeccffa5b110322c4f784aa8a9785e3219557cb44395e_786_huncha,commonvoice,cv-9f8a47cee5574b287a8f93f5498d81115cf1dfbd718ead4f2265e4400f7de0f017a58a2c8c1245e0d3ceeccffa5b110322c4f784aa8a9785e3219557cb44395e,cv_9f8a47cee5574b287a8f93f5498d81115cf1dfbd718ead4f2265e4400f7de0f017a58a2c8c1245e0d3ceeccffa5b110322c4f784aa8a9785e3219557cb44395e,कता कता हुनुहुन्छ हजुरहरु?,huncha,,,1.0,0.95,0.0,false,from_commonvoice_file=common_voice_ne-NP_35314758.mp3
cv_9f8a47cee5574b287a8f93f5498d81115cf1dfbd718ead4f2265e4400f7de0f017a58a2c8c1245e0d3ceeccffa5b110322c4f784aa8a9785e3219557cb44395e_789_feri,commonvoice,cv-9f8a47cee5574b287a8f93f5498d81115cf1dfbd718ead4f2265e4400f7de0f017a58a2c8c1245e0d3ceeccffa5b110322c4f784aa8a9785e3219557cb44395e,cv_9f8a47cee5574b287a8f93f5498d81115cf1dfbd718ead4f2265e4400f7de0f017a58a2c8c1245e0d3ceeccffa5b110322c4f784aa8a9785e3219557cb44395e,म फेरि नेपालीमा बोल्छु है ।,feri,,,1.0,0.95,0.0,false,from_commonvoice_file=common_voice_ne-NP_35314761.mp3
cv_9f8a47cee5574b287a8f93f5498d81115cf1dfbd718ead4f2265e4400f7de0f017a58a2c8c1245e0d3ceeccffa5b110322c4f784aa8a9785e3219557cb44395e_792_thik_chha,commonvoice,cv-9f8a47cee5574b287a8f93f5498d81115cf1dfbd718ead4f2265e4400f7de0f017a58a2c8c1245e0d3ceeccffa5b110322c4f784aa8a9785e3219557cb44395e,cv_9f8a47cee5574b287a8f93f5498d81115cf1dfbd718ead4f2265e4400f7de0f017a58a2c8c1245e0d3ceeccffa5b110322c4f784aa8a9785e3219557cb44395e,ल ठीक छ ।,thik_chha,,,1.0,0.95,0.0,false,from_commonvoice_file=common_voice_ne-NP_35314764.mp3
cv_9f8a47cee5574b287a8f93f5498d81115cf1dfbd718ead4f2265e4400f7de0f017a58a2c8c1245e0d3ceeccffa5b110322c4f784aa8a9785e3219557cb44395e_803_huncha,commonvoice,cv-9f8a47cee5574b287a8f93f5498d81115cf1dfbd718ead4f2265e4400f7de0f017a58a2c8c1245e0d3ceeccffa5b110322c4f784aa8a9785e3219557cb44395e,cv_9f8a47cee5574b287a8f93f5498d81115cf1dfbd718ead4f2265e4400f7de0f017a58a2c8c1245e0d3ceeccffa5b110322c4f784aa8a9785e3219557cb44395e,सबैजना आरामै हुनुहुन्छ?,huncha,,,1.0,0.95,0.0,false,from_commonvoice_file=common_voice_ne-NP_35314817.mp3
cv_9f8a47cee5574b287a8f93f5498d81115cf1dfbd718ead4f2265e4400f7de0f017a58a2c8c1245e0d3ceeccffa5b110322c4f784aa8a9785e3219557cb44395e_808_feri,commonvoice,cv-9f8a47cee5574b287a8f93f5498d81115cf1dfbd718ead4f2265e4400f7de0f017a58a2c8c1245e0d3ceeccffa5b110322c4f784aa8a9785e3219557cb44395e,cv_9f8a47cee5574b287a8f93f5498d81115cf1dfbd718ead4f2265e4400f7de0f017a58a2c8c1245e0d3ceeccffa5b110322c4f784aa8a9785e3219557cb44395e,"कस्तो सोच मिलेको, फेरि काम दोब्बर पो गर्नु पर्ने हो की?",feri,,,1.0,0.95,0.0,false,from_commonvoice_file=common_voice_ne-NP_35314837.mp3
cv_9f8a47cee5574b287a8f93f5498d81115cf1dfbd718ead4f2265e4400f7de0f017a58a2c8c1245e0d3ceeccffa5b110322c4f784aa8a9785e3219557cb44395e_811_huncha,commonvoice,cv-9f8a47cee5574b287a8f93f5498d81115cf1dfbd718ead4f2265e4400f7de0f017a58a2c8c1245e0d3ceeccffa5b110322c4f784aa8a9785e3219557cb44395e,cv_9f8a47cee5574b287a8f93f5498d81115cf1dfbd718ead4f2265e4400f7de0f017a58a2c8c1245e0d3ceeccffa5b110322c4f784aa8a9785e3219557cb44395e,बिस्कुट र चिया खान पनि मिठो हुन्छ ।,huncha,,,1.0,0.95,0.0,false,from_commonvoice_file=common_voice_ne-NP_35314847.mp3
cv_9f8a47cee5574b287a8f93f5498d81115cf1dfbd718ead4f2265e4400f7de0f017a58a2c8c1245e0d3ceeccffa5b110322c4f784aa8a9785e3219557cb44395e_820_tala,commonvoice,cv-9f8a47cee5574b287a8f93f5498d81115cf1dfbd718ead4f2265e4400f7de0f017a58a2c8c1245e0d3ceeccffa5b110322c4f784aa8a9785e3219557cb44395e,cv_9f8a47cee5574b287a8f93f5498d81115cf1dfbd718ead4f2265e4400f7de0f017a58a2c8c1245e0d3ceeccffa5b110322c4f784aa8a9785e3219557cb44395e,"माछापोखरी तिर पानी परिराछ, त्यसैले उता शीतल भएको होला नि।",tala,,,1.0,0.95,0.0,false,from_commonvoice_file=common_voice_ne-NP_35314881.mp3
cv_9f8a47cee5574b287a8f93f5498d81115cf1dfbd718ead4f2265e4400f7de0f017a58a2c8c1245e0d3ceeccffa5b110322c4f784aa8a9785e3219557cb44395e_821_suru,commonvoice,cv-9f8a47cee5574b287a8f93f5498d81115cf1dfbd718ead4f2265e4400f7de0f017a58a2c8c1245e0d3ceeccffa5b110322c4f784aa8a9785e3219557cb44395e,cv_9f8a47cee5574b287a8f93f5498d81115cf1dfbd718ead4f2265e4400f7de0f017a58a2c8c1245e0d3ceeccffa5b110322c4f784aa8a9785e3219557cb44395e,अब छिटै हामीले काम सुरु गर्न पर्छ ।,suru,,,1.0,0.95,0.0,false,from_commonvoice_file=common_voice_ne-NP_35314883.mp3
cv_9f8a47cee5574b287a8f93f5498d81115cf1dfbd718ead4f2265e4400f7de0f017a58a2c8c1245e0d3ceeccffa5b110322c4f784aa8a9785e3219557cb44395e_825_huncha,commonvoice,cv-9f8a47cee5574b287a8f93f5498d81115cf1dfbd718ead4f2265e4400f7de0f017a58a2c8c1245e0d3ceeccffa5b110322c4f784aa8a9785e3219557cb44395e,cv_9f8a47cee5574b287a8f93f5498d81115cf1dfbd718ead4f2265e4400f7de0f017a58a2c8c1245e0d3ceeccffa5b110322c4f784aa8a9785e3219557cb44395e,कुन फिलिम हेर्दै हुनुहुन्छ रोशन दाइ?,huncha,,,1.0,0.95,0.0,false,from_commonvoice_file=common_voice_ne-NP_35314903.mp3
cv_0142a5d130e7fb1d6435cf711c230cda2631aac457b40578f78ce5379713dfeca4a804e61706697ffa10adf0667f4d17ae2acc739859b1b338332fc346a080d5_830_huncha,commonvoice,cv-0142a5d130e7fb1d6435cf711c230cda2631aac457b40578f78ce5379713dfeca4a804e61706697ffa10adf0667f4d17ae2acc739859b1b338332fc346a080d5,cv_0142a5d130e7fb1d6435cf711c230cda2631aac457b40578f78ce5379713dfeca4a804e61706697ffa10adf0667f4d17ae2acc739859b1b338332fc346a080d5,अनि रोचक हुन्छ यो पेनाल्टी कप।,huncha,,,1.0,0.95,0.0,false,from_commonvoice_file=common_voice_ne-NP_37910940.mp3
cv_0142a5d130e7fb1d6435cf711c230cda2631aac457b40578f78ce5379713dfeca4a804e61706697ffa10adf0667f4d17ae2acc739859b1b338332fc346a080d5_853_tala,commonvoice,cv-0142a5d130e7fb1d6435cf711c230cda2631aac457b40578f78ce5379713dfeca4a804e61706697ffa10adf0667f4d17ae2acc739859b1b338332fc346a080d5,cv_0142a5d130e7fb1d6435cf711c230cda2631aac457b40578f78ce5379713dfeca4a804e61706697ffa10adf0667f4d17ae2acc739859b1b338332fc346a080d5,सित्तल भयो।,tala,,,1.0,0.95,0.0,false,from_commonvoice_file=common_voice_ne-NP_37910997.mp3
cv_0142a5d130e7fb1d6435cf711c230cda2631aac457b40578f78ce5379713dfeca4a804e61706697ffa10adf0667f4d17ae2acc739859b1b338332fc346a080d5_861_huncha,commonvoice,cv-0142a5d130e7fb1d6435cf711c230cda2631aac457b40578f78ce5379713dfeca4a804e61706697ffa10adf0667f4d17ae2acc739859b1b338332fc346a080d5,cv_0142a5d130e7fb1d6435cf711c230cda2631aac457b40578f78ce5379713dfeca4a804e61706697ffa10adf0667f4d17ae2acc739859b1b338332fc346a080d5,को को कता हुनुहुन्छ?,huncha,,,1.0,0.95,0.0,false,from_commonvoice_file=common_voice_ne-NP_37911005.mp3
cv_0142a5d130e7fb1d6435cf711c230cda2631aac457b40578f78ce5379713dfeca4a804e61706697ffa10adf0667f4d17ae2acc739859b1b338332fc346a080d5_866_huncha,commonvoice,cv-0142a5d130e7fb1d6435cf711c230cda2631aac457b40578f78ce5379713dfeca4a804e61706697ffa10adf0667f4d17ae2acc739859b1b338332fc346a080d5,cv_0142a5d130e7fb1d6435cf711c230cda2631aac457b40578f78ce5379713dfeca4a804e61706697ffa10adf0667f4d17ae2acc739859b1b338332fc346a080d5,यदि त्यो वाक्य कसैको वाक्यसँग मिल्न गएमा के हुन्छ नि?,huncha,,,1.0,0.95,0.0,false,from_commonvoice_file=common_voice_ne-NP_37911011.mp3
cv_0142a5d130e7fb1d6435cf711c230cda2631aac457b40578f78ce5379713dfeca4a804e61706697ffa10adf0667f4d17ae2acc739859b1b338332fc346a080d5_867_tala,commonvoice,cv-0142a5d130e7fb1d6435cf711c230cda2631aac457b40578f78ce5379713dfeca4a804e61706697ffa10adf0667f4d17ae2acc739859b1b338332fc346a080d5,cv_0142a5d130e7fb1d6435cf711c230cda2631aac457b40578f78ce5379713dfeca4a804e61706697ffa10adf0667f4d17ae2acc739859b1b338332fc346a080d5,म अहिले भक्तपुरमा छु यहाँ पनि सितल नै छ।,tala,,,1.0,0.95,0.0,false,from_commonvoice_file=common_voice_ne-NP_37911012.mp3
cv_0142a5d130e7fb1d6435cf711c230cda2631aac457b40578f78ce5379713dfeca4a804e61706697ffa10adf0667f4d17ae2acc739859b1b338332fc346a080d5_877_huncha,commonvoice,cv-0142a5d130e7fb1d6435cf711c230cda2631aac457b40578f78ce5379713dfeca4a804e61706697ffa10adf0667f4d17ae2acc739859b1b338332fc346a080d5,cv_0142a5d130e7fb1d6435cf711c230cda2631aac457b40578f78ce5379713dfeca4a804e61706697ffa10adf0667f4d17ae2acc739859b1b338332fc346a080d5,अहिले म चाबहिलमा छु हजुरहरु चै कता हुनुहुन्छ?,huncha,,,1.0,0.95,0.0,false,from_commonvoice_file=common_voice_ne-NP_37911024.mp3
cv_0142a5d130e7fb1d6435cf711c230cda2631aac457b40578f78ce5379713dfeca4a804e61706697ffa10adf0667f4d17ae2acc739859b1b338332fc346a080d5_883_huncha,commonvoice,cv-0142a5d130e7fb1d6435cf711c230cda2631aac457b40578f78ce5379713dfeca4a804e61706697ffa10adf0667f4d17ae2acc739859b1b338332fc346a080d5,cv_0142a5d130e7fb1d6435cf711c230cda2631aac457b40578f78ce5379713dfeca4a804e61706697ffa10adf0667f4d17ae2acc739859b1b338332fc346a080d5,गीत सुन्दै काम गर्दै बस्न रमाइलो हुन्छ ।,huncha,,,1.0,0.95,0.0,false,from_commonvoice_file=common_voice_ne-NP_37911031.mp3
cv_0142a5d130e7fb1d6435cf711c230cda2631aac457b40578f78ce5379713dfeca4a804e61706697ffa10adf0667f4d17ae2acc739859b1b338332fc346a080d5_911_huncha,commonvoice,cv-0142a5d130e7fb1d6435cf711c230cda2631aac457b40578f78ce5379713dfeca4a804e61706697ffa10adf0667f4d17ae2acc739859b1b338332fc346a080d5,cv_0142a5d130e7fb1d6435cf711c230cda2631aac457b40578f78ce5379713dfeca4a804e61706697ffa10adf0667f4d17ae2acc739859b1b338332fc346a080d5,पशुपति मन्दिर मा आरती कुन समयमा हुन्छ?,huncha,,,1.0,0.95,0.0,false,from_commonvoice_file=common_voice_ne-NP_37911062.mp3
cv_0142a5d130e7fb1d6435cf711c230cda2631aac457b40578f78ce5379713dfeca4a804e61706697ffa10adf0667f4d17ae2acc739859b1b338332fc346a080d5_926_huncha,commonvoice,cv-0142a5d130e7fb1d6435cf711c230cda2631aac457b40578f78ce5379713dfeca4a804e61706697ffa10adf0667f4d17ae2acc739859b1b338332fc346a080d5,cv_0142a5d130e7fb1d6435cf711c230cda2631aac457b40578f78ce5379713dfeca4a804e61706697ffa10adf0667f4d17ae2acc739859b1b338332fc346a080d5,भोलि कस्को पक्षमा हुनुहुन्छ हजुर?,huncha,,,1.0,0.95,0.0,false,from_commonvoice_file=common_voice_ne-NP_37911080.mp3
cv_0142a5d130e7fb1d6435cf711c230cda2631aac457b40578f78ce5379713dfeca4a804e61706697ffa10adf0667f4d17ae2acc739859b1b338332fc346a080d5_931_huncha,commonvoice,cv-0142a5d130e7fb1d6435cf711c230cda2631aac457b40578f78ce5379713dfeca4a804e61706697ffa10adf0667f4d17ae2acc739859b1b338332fc346a080d5,cv_0142a5d130e7fb1d6435cf711c230cda2631aac457b40578f78ce5379713dfeca4a804e61706697ffa10adf0667f4d17ae2acc739859b1b338332fc346a080d5,भन्नुहुन्छ नातिनीलाई कस्तो सुहा’को ।,huncha,,,1.0,0.95,0.0,false,from_commonvoice_file=common_voice_ne-NP_37913736.mp3
cv_0142a5d130e7fb1d6435cf711c230cda2631aac457b40578f78ce5379713dfeca4a804e61706697ffa10adf0667f4d17ae2acc739859b1b338332fc346a080d5_938_tala,commonvoice,cv-0142a5d130e7fb1d6435cf711c230cda2631aac457b40578f78ce5379713dfeca4a804e61706697ffa10adf0667f4d17ae2acc739859b1b338332fc346a080d5,cv_0142a5d130e7fb1d6435cf711c230cda2631aac457b40578f78ce5379713dfeca4a804e61706697ffa10adf0667f4d17ae2acc739859b1b338332fc346a080d5,एक हातले तालि बज्दैन,tala,,,1.0,0.95,0.0,false,from_commonvoice_file=common_voice_ne-NP_37913747.mp3
cv_0142a5d130e7fb1d6435cf711c230cda2631aac457b40578f78ce5379713dfeca4a804e61706697ffa10adf0667f4d17ae2acc739859b1b338332fc346a080d5_984_thik_chha,commonvoice,cv-0142a5d130e7fb1d6435cf711c230cda2631aac457b40578f78ce5379713dfeca4a804e61706697ffa10adf0667f4d17ae2acc739859b1b338332fc346a080d5,cv_0142a5d130e7fb1d6435cf711c230cda2631aac457b40578f78ce5379713dfeca4a804e61706697ffa10adf0667f4d17ae2acc739859b1b338332fc346a080d5,ल ठीक छ ।,thik_chha,,,1.0,0.95,0.0,false,from_commonvoice_file=common_voice_ne-NP_37913819.mp3
cv_13b830feb8a132fa0d066e083d4e9e78ae2ef70150902b22b55576e7be4a07956919c003c8bc13352533c6062585a21c7452f77e4cd17829e8c07d9efa9992b2_991_huncha,commonvoice,cv-13b830feb8a132fa0d066e083d4e9e78ae2ef70150902b22b55576e7be4a07956919c003c8bc13352533c6062585a21c7452f77e4cd17829e8c07d9efa9992b2,cv_13b830feb8a132fa0d066e083d4e9e78ae2ef70150902b22b55576e7be4a07956919c003c8bc13352533c6062585a21c7452f77e4cd17829e8c07d9efa9992b2,के तपाई बिहीबार खेल खेल्न चाहनुहुन्छ?,huncha,,,1.0,0.95,0.0,false,from_commonvoice_file=common_voice_ne-NP_38601155.mp3
cv_13b830feb8a132fa0d066e083d4e9e78ae2ef70150902b22b55576e7be4a07956919c003c8bc13352533c6062585a21c7452f77e4cd17829e8c07d9efa9992b2_997_huncha,commonvoice,cv-13b830feb8a132fa0d066e083d4e9e78ae2ef70150902b22b55576e7be4a07956919c003c8bc13352533c6062585a21c7452f77e4cd17829e8c07d9efa9992b2,cv_13b830feb8a132fa0d066e083d4e9e78ae2ef70150902b22b55576e7be4a07956919c003c8bc13352533c6062585a21c7452f77e4cd17829e8c07d9efa9992b2,बर्खायाम मा धेरै हिलो हुन्छ ।,huncha,,,1.0,0.95,0.0,false,from_commonvoice_file=common_voice_ne-NP_38601177.mp3
cv_13b830feb8a132fa0d066e083d4e9e78ae2ef70150902b22b55576e7be4a07956919c003c8bc13352533c6062585a21c7452f77e4cd17829e8c07d9efa9992b2_999_huncha,commonvoice,cv-13b830feb8a132fa0d066e083d4e9e78ae2ef70150902b22b55576e7be4a07956919c003c8bc13352533c6062585a21c7452f77e4cd17829e8c07d9efa9992b2,cv_13b830feb8a132fa0d066e083d4e9e78ae2ef70150902b22b55576e7be4a07956919c003c8bc13352533c6062585a21c7452f77e4cd17829e8c07d9efa9992b2,आज ब्राजिललाई समर्थन गर्ने को को हुनुहुन्छ?,huncha,,,1.0,0.95,0.0,false,from_commonvoice_file=common_voice_ne-NP_38601195.mp3
cv_13b830feb8a132fa0d066e083d4e9e78ae2ef70150902b22b55576e7be4a07956919c003c8bc13352533c6062585a21c7452f77e4cd17829e8c07d9efa9992b2_1012_tala,commonvoice,cv-13b830feb8a132fa0d066e083d4e9e78ae2ef70150902b22b55576e7be4a07956919c003c8bc13352533c6062585a21c7452f77e4cd17829e8c07d9efa9992b2,cv_13b830feb8a132fa0d066e083d4e9e78ae2ef70150902b22b55576e7be4a07956919c003c8bc13352533c6062585a21c7452f77e4cd17829e8c07d9efa9992b2,अ शीतल नै छ यहाँ त ।,tala,,,1.0,0.95,0.0,false,from_commonvoice_file=common_voice_ne-NP_38601296.mp3
cv_13b830feb8a132fa0d066e083d4e9e78ae2ef70150902b22b55576e7be4a07956919c003c8bc13352533c6062585a21c7452f77e4cd17829e8c07d9efa9992b2_1014_feri,commonvoice,cv-13b830feb8a132fa0d066e083d4e9e78ae2ef70150902b22b55576e7be4a07956919c003c8bc13352533c6062585a21c7452f77e4cd17829e8c07d9efa9992b2,cv_13b830feb8a132fa0d066e083d4e9e78ae2ef70150902b22b55576e7be4a07956919c003c8bc13352533c6062585a21c7452f77e4cd17829e8c07d9efa9992b2,यी वाक्यहरु पनि फेरि एकचोटि समीक्षा गर्नुपर्छ ।,feri,,,1.0,0.95,0.0,false,from_commonvoice_file=common_voice_ne-NP_38601298.mp3
cv_13b830feb8a132fa0d066e083d4e9e78ae2ef70150902b22b55576e7be4a07956919c003c8bc13352533c6062585a21c7452f77e4cd17829e8c07d9efa9992b2_1040_huncha,commonvoice,cv-13b830feb8a132fa0d066e083d4e9e78ae2ef70150902b22b55576e7be4a07956919c003c8bc13352533c6062585a21c7452f77e4cd17829e8c07d9efa9992b2,cv_13b830feb8a132fa0d066e083d4e9e78ae2ef70150902b22b55576e7be4a07956919c003c8bc13352533c6062585a21c7452f77e4cd17829e8c07d9efa9992b2,कति बेला के हुन्छ पत्तो नै नहुने भन्या।,huncha,,,1.0,0.95,0.0,false,from_commonvoice_file=common_voice_ne-NP_38601598.mp3
cv_13b830feb8a132fa0d066e083d4e9e78ae2ef70150902b22b55576e7be4a07956919c003c8bc13352533c6062585a21c7452f77e4cd17829e8c07d9efa9992b2_1065_huncha,commonvoice,cv-13b830feb8a132fa0d066e083d4e9e78ae2ef70150902b22b55576e7be4a07956919c003c8bc13352533c6062585a21c7452f77e4cd17829e8c07d9efa9992b2,cv_13b830feb8a132fa0d066e083d4e9e78ae2ef70150902b22b55576e7be4a07956919c003c8bc13352533c6062585a21c7452f77e4cd17829e8c07d9efa9992b2,के मा व्यस्त हुनुहुन्छ रोशन जी?,huncha,,,1.0,0.95,0.0,false,from_commonvoice_file=common_voice_ne-NP_38601827.mp3
cv_13b830feb8a132fa0d066e083d4e9e78ae2ef70150902b22b55576e7be4a07956919c003c8bc13352533c6062585a21c7452f77e4cd17829e8c07d9efa9992b2_1082_huncha,commonvoice,cv-13b830feb8a132fa0d066e083d4e9e78ae2ef70150902b22b55576e7be4a07956919c003c8bc13352533c6062585a21c7452f77e4cd17829e8c07d9efa9992b2,cv_13b830feb8a132fa0d066e083d4e9e78ae2ef70150902b22b55576e7be4a07956919c003c8bc13352533c6062585a21c7452f77e4cd17829e8c07d9efa9992b2,त्यसो भए उत्कृष्ठ हुन्छ।,huncha,,,1.0,0.95,0.0,false,from_commonvoice_file=common_voice_ne-NP_38601863.mp3
cv_13b830feb8a132fa0d066e083d4e9e78ae2ef70150902b22b55576e7be4a07956919c003c8bc13352533c6062585a21c7452f77e4cd17829e8c07d9efa9992b2_1092_huncha,commonvoice,cv-13b830feb8a132fa0d066e083d4e9e78ae2ef70150902b22b55576e7be4a07956919c003c8bc13352533c6062585a21c7452f77e4cd17829e8c07d9efa9992b2,cv_13b830feb8a132fa0d066e083d4e9e78ae2ef70150902b22b55576e7be4a07956919c003c8bc13352533c6062585a21c7452f77e4cd17829e8c07d9efa9992b2,यसरी पुरा वाक्य लेख्दा हाम्रो प्रयोजनको लागि अझ बढी राम्रो हुन्छ ।,huncha,,,1.0,0.95,0.0,false,from_commonvoice_file=common_voice_ne-NP_38602013.mp3
cv_13b830feb8a132fa0d066e083d4e9e78ae2ef70150902b22b55576e7be4a07956919c003c8bc13352533c6062585a21c7452f77e4cd17829e8c07d9efa9992b2_1094_feri,commonvoice,cv-13b830feb8a132fa0d066e083d4e9e78ae2ef70150902b22b55576e7be4a07956919c003c8bc13352533c6062585a21c7452f77e4cd17829e8c07d9efa9992b2,cv_13b830feb8a132fa0d066e083d4e9e78ae2ef70150902b22b55576e7be4a07956919c003c8bc13352533c6062585a21c7452f77e4cd17829e8c07d9efa9992b2,"ल भाइ, राम्रो सगँ पढ अनि दाइको नाम फेरि पनि रोशन पार्नु ।",feri,,,1.0,0.95,0.0,false,from_commonvoice_file=common_voice_ne-NP_38602026.mp3
cv_13b830feb8a132fa0d066e083d4e9e78ae2ef70150902b22b55576e7be4a07956919c003c8bc13352533c6062585a21c7452f77e4cd17829e8c07d9efa9992b2_1098_huncha,commonvoice,cv-13b830feb8a132fa0d066e083d4e9e78ae2ef70150902b22b55576e7be4a07956919c003c8bc13352533c6062585a21c7452f77e4cd17829e8c07d9efa9992b2,cv_13b830feb8a132fa0d066e083d4e9e78ae2ef70150902b22b55576e7be4a07956919c003c8bc13352533c6062585a21c7452f77e4cd17829e8c07d9efa9992b2,सन्चै हुनुहुन्छ दाई?,huncha,,,1.0,0.95,0.0,false,from_commonvoice_file=common_voice_ne-NP_38602042.mp3
cv_13b830feb8a132fa0d066e083d4e9e78ae2ef70150902b22b55576e7be4a07956919c003c8bc13352533c6062585a21c7452f77e4cd17829e8c07d9efa9992b2_1107_huncha,commonvoice,cv-13b830feb8a132fa0d066e083d4e9e78ae2ef70150902b22b55576e7be4a07956919c003c8bc13352533c6062585a21c7452f77e4cd17829e8c07d9efa9992b2,cv_13b830feb8a132fa0d066e083d4e9e78ae2ef70150902b22b55576e7be4a07956919c003c8bc13352533c6062585a21c7452f77e4cd17829e8c07d9efa9992b2,भित्ताको पनि कान हुन्छ,huncha,,,1.0,0.95,0.0,false,from_commonvoice_file=common_voice_ne-NP_38602109.mp3
cv_13b830feb8a132fa0d066e083d4e9e78ae2ef70150902b22b55576e7be4a07956919c003c8bc13352533c6062585a21c7452f77e4cd17829e8c07d9efa9992b2_1110_maathi,commonvoice,cv-13b830feb8a132fa0d066e083d4e9e78ae2ef70150902b22b55576e7be4a07956919c003c8bc13352533c6062585a21c7452f77e4cd17829e8c07d9efa9992b2,cv_13b830feb8a132fa0d066e083d4e9e78ae2ef70150902b22b55576e7be4a07956919c003c8bc13352533c6062585a21c7452f77e4cd17829e8c07d9efa9992b2,सबैले एकचोटि माथि पिन गरिएको सन्देश पनि पढौँ है ।,maathi,,,1.0,0.95,0.0,false,from_commonvoice_file=common_voice_ne-NP_38621386.mp3
cv_13b830feb8a132fa0d066e083d4e9e78ae2ef70150902b22b55576e7be4a07956919c003c8bc13352533c6062585a21c7452f77e4cd17829e8c07d9efa9992b2_1115_huncha,commonvoice,cv-13b830feb8a132fa0d066e083d4e9e78ae2ef70150902b22b55576e7be4a07956919c003c8bc13352533c6062585a21c7452f77e4cd17829e8c07d9efa9992b2,cv_13b830feb8a132fa0d066e083d4e9e78ae2ef70150902b22b55576e7be4a07956919c003c8bc13352533c6062585a21c7452f77e4cd17829e8c07d9efa9992b2,"हुन्छ रबिन, बिस्तारै बिस्तारै यो समुह बढाउन पर्छ ।",huncha,,,1.0,0.95,0.0,false,from_commonvoice_file=common_voice_ne-NP_38621423.mp3
cv_13b830feb8a132fa0d066e083d4e9e78ae2ef70150902b22b55576e7be4a07956919c003c8bc13352533c6062585a21c7452f77e4cd17829e8c07d9efa9992b2_1128_tala,commonvoice,cv-13b830feb8a132fa0d066e083d4e9e78ae2ef70150902b22b55576e7be4a07956919c003c8bc13352533c6062585a21c7452f77e4cd17829e8c07d9efa9992b2,cv_13b830feb8a132fa0d066e083d4e9e78ae2ef70150902b22b55576e7be4a07956919c003c8bc13352533c6062585a21c7452f77e4cd17829e8c07d9efa9992b2,"कलेज जाउ कि भनेर उठेको,पानी परिराको रहेछ अब मस्त सुतिन्छ शितल मौसममा ।",tala,,,1.0,0.95,0.0,false,from_commonvoice_file=common_voice_ne-NP_38621521.mp3
cv_13b830feb8a132fa0d066e083d4e9e78ae2ef70150902b22b55576e7be4a07956919c003c8bc13352533c6062585a21c7452f77e4cd17829e8c07d9efa9992b2_1136_maathi,commonvoice,cv-13b830feb8a132fa0d066e083d4e9e78ae2ef70150902b22b55576e7be4a07956919c003c8bc13352533c6062585a21c7452f77e4cd17829e8c07d9efa9992b2,cv_13b830feb8a132fa0d066e083d4e9e78ae2ef70150902b22b55576e7be4a07956919c003c8bc13352533c6062585a21c7452f77e4cd17829e8c07d9efa9992b2,त्यसमाथि जमिन फिर्ता हुँदा सुवर्ण जी जीवित पनि थिएनन् ।,maathi,,,1.0,0.95,0.0,false,from_commonvoice_file=common_voice_ne-NP_38621566.mp3
cv_13b830feb8a132fa0d066e083d4e9e78ae2ef70150902b22b55576e7be4a07956919c003c8bc13352533c6062585a21c7452f77e4cd17829e8c07d9efa9992b2_1147_huncha,commonvoice,cv-13b830feb8a132fa0d066e083d4e9e78ae2ef70150902b22b55576e7be4a07956919c003c8bc13352533c6062585a21c7452f77e4cd17829e8c07d9efa9992b2,cv_13b830feb8a132fa0d066e083d4e9e78ae2ef70150902b22b55576e7be4a07956919c003c8bc13352533c6062585a21c7452f77e4cd17829e8c07d9efa9992b2,मेरो अब खाना हुन्छ ।,huncha,,,1.0,0.95,0.0,false,from_commonvoice_file=common_voice_ne-NP_38621646.mp3
cv_13b830feb8a132fa0d066e083d4e9e78ae2ef70150902b22b55576e7be4a07956919c003c8bc13352533c6062585a21c7452f77e4cd17829e8c07d9efa9992b2_1150_huncha,commonvoice,cv-13b830feb8a132fa0d066e083d4e9e78ae2ef70150902b22b55576e7be4a07956919c003c8bc13352533c6062585a21c7452f77e4cd17829e8c07d9efa9992b2,cv_13b830feb8a132fa0d066e083d4e9e78ae2ef70150902b22b55576e7be4a07956919c003c8bc13352533c6062585a21c7452f77e4cd17829e8c07d9efa9992b2,कुहिरो लागे जस्तै धूलो हुन्छ।,huncha,,,1.0,0.95,0.0,false,from_commonvoice_file=common_voice_ne-NP_38621656.mp3
cv_13b830feb8a132fa0d066e083d4e9e78ae2ef70150902b22b55576e7be4a07956919c003c8bc13352533c6062585a21c7452f77e4cd17829e8c07d9efa9992b2_1156_huncha,commonvoice,cv-13b830feb8a132fa0d066e083d4e9e78ae2ef70150902b22b55576e7be4a07956919c003c8bc13352533c6062585a21c7452f77e4cd17829e8c07d9efa9992b2,cv_13b830feb8a132fa0d066e083d4e9e78ae2ef70150902b22b55576e7be4a07956919c003c8bc13352533c6062585a21c7452f77e4cd17829e8c07d9efa9992b2,को को के के गर्दै हनुहुन्छ?,huncha,,,1.0,0.95,0.0,false,from_commonvoice_file=common_voice_ne-NP_38621693.mp3
cv_13b830feb8a132fa0d066e083d4e9e78ae2ef70150902b22b55576e7be4a07956919c003c8bc13352533c6062585a21c7452f77e4cd17829e8c07d9efa9992b2_1165_banda,commonvoice,cv-13b830feb8a132fa0d066e083d4e9e78ae2ef70150902b22b55576e7be4a07956919c003c8bc13352533c6062585a21c7452f77e4cd17829e8c07d9efa9992b2,cv_13b830feb8a132fa0d066e083d4e9e78ae2ef70150902b22b55576e7be4a07956919c003c8bc13352533c6062585a21c7452f77e4cd17829e8c07d9efa9992b2,उनले आफ्नो बन्दुक थन्क्याए ।,banda,,,1.0,0.95,0.0,false,from_commonvoice_file=common_voice_ne-NP_38621756.mp3
